"Step","[GPU] Wide Deep Network - AIT201-AIT202-AIT203-AIT401-AIT402-AIT501-AIT502-AIT503-AIT504-DPIT301-FIT101-FIT201-FIT301-FIT401-FIT501-FIT502-FIT503-FIT504-FIT601-LIT101-LIT301-LIT401-MV101-MV201-MV301-MV302-MV303-MV304-P101-P102-P201-P202-P203-P204-P205-P206-P301-P302-P401-P402-P403-P404-P501-P502-P601-P602-P603-PIT501-PIT502-PIT503-UV401.train_loss","[GPU] Wide Deep Network - AIT201-AIT202-AIT203-AIT401-AIT402-AIT501-AIT502-AIT503-AIT504-DPIT301-FIT101-FIT201-FIT301-FIT401-FIT501-FIT502-FIT503-FIT504-FIT601-LIT101-LIT301-LIT401-MV101-MV201-MV301-MV302-MV303-MV304-P101-P102-P201-P202-P203-P204-P205-P206-P301-P302-P401-P402-P403-P404-P501-P502-P601-P602-P603-PIT501-PIT502-PIT503-UV401.train_loss__MIN","[GPU] Wide Deep Network - AIT201-AIT202-AIT203-AIT401-AIT402-AIT501-AIT502-AIT503-AIT504-DPIT301-FIT101-FIT201-FIT301-FIT401-FIT501-FIT502-FIT503-FIT504-FIT601-LIT101-LIT301-LIT401-MV101-MV201-MV301-MV302-MV303-MV304-P101-P102-P201-P202-P203-P204-P205-P206-P301-P302-P401-P402-P403-P404-P501-P502-P601-P602-P603-PIT501-PIT502-PIT503-UV401.train_loss__MAX","[GPU] Wide Deep Network - AIT201-AIT202-AIT203-AIT401-AIT402-AIT501-AIT502-AIT503-AIT504-DPIT301-FIT101-FIT201-FIT301-FIT401-FIT501-FIT502-FIT503-FIT504-LIT101-LIT301-LIT401-MV101-MV201-MV301-MV302-MV303-MV304-P101-P102-P201-P202-P203-P204-P205-P206-P301-P302-P401-P402-P403-P404-P501-P502-PIT501-PIT502-PIT503-UV401.train_loss","[GPU] Wide Deep Network - AIT201-AIT202-AIT203-AIT401-AIT402-AIT501-AIT502-AIT503-AIT504-DPIT301-FIT101-FIT201-FIT301-FIT401-FIT501-FIT502-FIT503-FIT504-LIT101-LIT301-LIT401-MV101-MV201-MV301-MV302-MV303-MV304-P101-P102-P201-P202-P203-P204-P205-P206-P301-P302-P401-P402-P403-P404-P501-P502-PIT501-PIT502-PIT503-UV401.train_loss__MIN","[GPU] Wide Deep Network - AIT201-AIT202-AIT203-AIT401-AIT402-AIT501-AIT502-AIT503-AIT504-DPIT301-FIT101-FIT201-FIT301-FIT401-FIT501-FIT502-FIT503-FIT504-LIT101-LIT301-LIT401-MV101-MV201-MV301-MV302-MV303-MV304-P101-P102-P201-P202-P203-P204-P205-P206-P301-P302-P401-P402-P403-P404-P501-P502-PIT501-PIT502-PIT503-UV401.train_loss__MAX","[GPU] Wide Deep Network - AIT201-AIT202-AIT203-AIT401-AIT402-AIT501-AIT502-AIT503-AIT504-DPIT301-FIT201-FIT301-FIT401-FIT501-FIT502-FIT503-FIT504-FIT601-LIT301-LIT401-MV201-MV301-MV302-MV303-MV304-P201-P202-P203-P204-P205-P206-P301-P302-P401-P402-P403-P404-P501-P502-P601-P602-P603-PIT501-PIT502-PIT503-UV401.train_loss","[GPU] Wide Deep Network - AIT201-AIT202-AIT203-AIT401-AIT402-AIT501-AIT502-AIT503-AIT504-DPIT301-FIT201-FIT301-FIT401-FIT501-FIT502-FIT503-FIT504-FIT601-LIT301-LIT401-MV201-MV301-MV302-MV303-MV304-P201-P202-P203-P204-P205-P206-P301-P302-P401-P402-P403-P404-P501-P502-P601-P602-P603-PIT501-PIT502-PIT503-UV401.train_loss__MIN","[GPU] Wide Deep Network - AIT201-AIT202-AIT203-AIT401-AIT402-AIT501-AIT502-AIT503-AIT504-DPIT301-FIT201-FIT301-FIT401-FIT501-FIT502-FIT503-FIT504-FIT601-LIT301-LIT401-MV201-MV301-MV302-MV303-MV304-P201-P202-P203-P204-P205-P206-P301-P302-P401-P402-P403-P404-P501-P502-P601-P602-P603-PIT501-PIT502-PIT503-UV401.train_loss__MAX","[GPU] Wide Deep Network - AIT201-AIT202-AIT203-AIT401-AIT402-AIT501-AIT502-AIT503-AIT504-FIT101-FIT201-FIT401-FIT501-FIT502-FIT503-FIT504-FIT601-LIT101-LIT401-MV101-MV201-P101-P102-P201-P202-P203-P204-P205-P206-P401-P402-P403-P404-P501-P502-P601-P602-P603-PIT501-PIT502-PIT503-UV401.train_loss","[GPU] Wide Deep Network - AIT201-AIT202-AIT203-AIT401-AIT402-AIT501-AIT502-AIT503-AIT504-FIT101-FIT201-FIT401-FIT501-FIT502-FIT503-FIT504-FIT601-LIT101-LIT401-MV101-MV201-P101-P102-P201-P202-P203-P204-P205-P206-P401-P402-P403-P404-P501-P502-P601-P602-P603-PIT501-PIT502-PIT503-UV401.train_loss__MIN","[GPU] Wide Deep Network - AIT201-AIT202-AIT203-AIT401-AIT402-AIT501-AIT502-AIT503-AIT504-FIT101-FIT201-FIT401-FIT501-FIT502-FIT503-FIT504-FIT601-LIT101-LIT401-MV101-MV201-P101-P102-P201-P202-P203-P204-P205-P206-P401-P402-P403-P404-P501-P502-P601-P602-P603-PIT501-PIT502-PIT503-UV401.train_loss__MAX","[GPU] Wide Deep Network - AIT201-AIT202-AIT203-AIT401-AIT402-DPIT301-FIT101-FIT201-FIT301-FIT401-FIT601-LIT101-LIT301-LIT401-MV101-MV201-MV301-MV302-MV303-MV304-P101-P102-P201-P202-P203-P204-P205-P206-P301-P302-P401-P402-P403-P404-P601-P602-P603-UV401.train_loss","[GPU] Wide Deep Network - AIT201-AIT202-AIT203-AIT401-AIT402-DPIT301-FIT101-FIT201-FIT301-FIT401-FIT601-LIT101-LIT301-LIT401-MV101-MV201-MV301-MV302-MV303-MV304-P101-P102-P201-P202-P203-P204-P205-P206-P301-P302-P401-P402-P403-P404-P601-P602-P603-UV401.train_loss__MIN","[GPU] Wide Deep Network - AIT201-AIT202-AIT203-AIT401-AIT402-DPIT301-FIT101-FIT201-FIT301-FIT401-FIT601-LIT101-LIT301-LIT401-MV101-MV201-MV301-MV302-MV303-MV304-P101-P102-P201-P202-P203-P204-P205-P206-P301-P302-P401-P402-P403-P404-P601-P602-P603-UV401.train_loss__MAX","[GPU] Wide Deep Network - AIT201-AIT202-AIT203-AIT501-AIT502-AIT503-AIT504-DPIT301-FIT101-FIT201-FIT301-FIT501-FIT502-FIT503-FIT504-FIT601-LIT101-LIT301-MV101-MV201-MV301-MV302-MV303-MV304-P101-P102-P201-P202-P203-P204-P205-P206-P301-P302-P501-P502-P601-P602-P603-PIT501-PIT502-PIT503.train_loss","[GPU] Wide Deep Network - AIT201-AIT202-AIT203-AIT501-AIT502-AIT503-AIT504-DPIT301-FIT101-FIT201-FIT301-FIT501-FIT502-FIT503-FIT504-FIT601-LIT101-LIT301-MV101-MV201-MV301-MV302-MV303-MV304-P101-P102-P201-P202-P203-P204-P205-P206-P301-P302-P501-P502-P601-P602-P603-PIT501-PIT502-PIT503.train_loss__MIN","[GPU] Wide Deep Network - AIT201-AIT202-AIT203-AIT501-AIT502-AIT503-AIT504-DPIT301-FIT101-FIT201-FIT301-FIT501-FIT502-FIT503-FIT504-FIT601-LIT101-LIT301-MV101-MV201-MV301-MV302-MV303-MV304-P101-P102-P201-P202-P203-P204-P205-P206-P301-P302-P501-P502-P601-P602-P603-PIT501-PIT502-PIT503.train_loss__MAX","[GPU] Wide Deep Network - AIT401-AIT402-AIT501-AIT502-AIT503-AIT504-DPIT301-FIT101-FIT301-FIT401-FIT501-FIT502-FIT503-FIT504-FIT601-LIT101-LIT301-LIT401-MV101-MV301-MV302-MV303-MV304-P101-P102-P301-P302-P401-P402-P403-P404-P501-P502-P601-P602-P603-PIT501-PIT502-PIT503-UV401.train_loss","[GPU] Wide Deep Network - AIT401-AIT402-AIT501-AIT502-AIT503-AIT504-DPIT301-FIT101-FIT301-FIT401-FIT501-FIT502-FIT503-FIT504-FIT601-LIT101-LIT301-LIT401-MV101-MV301-MV302-MV303-MV304-P101-P102-P301-P302-P401-P402-P403-P404-P501-P502-P601-P602-P603-PIT501-PIT502-PIT503-UV401.train_loss__MIN","[GPU] Wide Deep Network - AIT401-AIT402-AIT501-AIT502-AIT503-AIT504-DPIT301-FIT101-FIT301-FIT401-FIT501-FIT502-FIT503-FIT504-FIT601-LIT101-LIT301-LIT401-MV101-MV301-MV302-MV303-MV304-P101-P102-P301-P302-P401-P402-P403-P404-P501-P502-P601-P602-P603-PIT501-PIT502-PIT503-UV401.train_loss__MAX"
"0","-0.08589771441273947","-0.08589771441273947","-0.08589771441273947","-0.24926609800642632","-0.24926609800642632","-0.24926609800642632","-0.15541938705882205","-0.15541938705882205","-0.15541938705882205","-0.20406045467348033","-0.20406045467348033","-0.20406045467348033","-0.2519931868760609","-0.2519931868760609","-0.2519931868760609","-0.21028516240729328","-0.21028516240729328","-0.21028516240729328","-0.20952901916528574","-0.20952901916528574","-0.20952901916528574"
"1","-0.07710232193897269","-0.07710232193897269","-0.07710232193897269","-0.2485811779588883","-0.2485811779588883","-0.2485811779588883","-0.15541938705882205","-0.15541938705882205","-0.15541938705882205","-0.20406045467348033","-0.20406045467348033","-0.20406045467348033","-0.2519121456399204","-0.2519121456399204","-0.2519121456399204","-0.2063152313232422","-0.2063152313232422","-0.2063152313232422","-0.20952901916528574","-0.20952901916528574","-0.20952901916528574"
"2","-0.08142714627270628","-0.08142714627270628","-0.08142714627270628","-0.24905124399427087","-0.24905124399427087","-0.24905124399427087","-0.15541938705882205","-0.15541938705882205","-0.15541938705882205","-0.20406045467348033","-0.20406045467348033","-0.20406045467348033","-0.2518176071648401","-0.2518176071648401","-0.2518176071648401","-0.20356194972991942","-0.20356194972991942","-0.20356194972991942","-0.20952901916528574","-0.20952901916528574","-0.20952901916528574"
"3","-0.08142714627270628","-0.08142714627270628","-0.08142714627270628","-0.249334961714576","-0.249334961714576","-0.249334961714576","-0.15541938705882205","-0.15541938705882205","-0.15541938705882205","-0.20406045467348033","-0.20406045467348033","-0.20406045467348033","-0.2519696431232823","-0.2519696431232823","-0.2519696431232823","-0.2102503240734893","-0.2102503240734893","-0.2102503240734893","-0.20486645698547362","-0.20486645698547362","-0.20486645698547362"
"4","-0.08142714627270628","-0.08142714627270628","-0.08142714627270628","-0.24910018358670447","-0.24910018358670447","-0.24910018358670447","-0.15541938705882205","-0.15541938705882205","-0.15541938705882205","-0.20406045467348033","-0.20406045467348033","-0.20406045467348033","-0.2517349555222395","-0.2517349555222395","-0.2517349555222395","-0.2101862684729064","-0.2101862684729064","-0.2101862684729064","-0.20335798263549804","-0.20335798263549804","-0.20335798263549804"
"5","-0.08142714627270628","-0.08142714627270628","-0.08142714627270628","-0.24866288824487315","-0.24866288824487315","-0.24866288824487315","-0.15541938705882205","-0.15541938705882205","-0.15541938705882205","-0.20406045467348033","-0.20406045467348033","-0.20406045467348033","-0.2518261308263782","-0.2518261308263782","-0.2518261308263782","-0.2104991214519423","-0.2104991214519423","-0.2104991214519423","-0.2036656141281128","-0.2036656141281128","-0.2036656141281128"
"6","-0.08142714627270628","-0.08142714627270628","-0.08142714627270628","-0.2489583348546009","-0.2489583348546009","-0.2489583348546009","-0.15541938705882205","-0.15541938705882205","-0.15541938705882205","-0.20406045467348033","-0.20406045467348033","-0.20406045467348033","-0.2517993900174804","-0.2517993900174804","-0.2517993900174804","-0.21016587130541872","-0.21016587130541872","-0.21016587130541872","-0.20275328159332276","-0.20275328159332276","-0.20275328159332276"
"7","-0.08142714627270628","-0.08142714627270628","-0.08142714627270628","-0.24874867375893775","-0.24874867375893775","-0.24874867375893775","-0.15541938705882205","-0.15541938705882205","-0.15541938705882205","-0.20406045467348033","-0.20406045467348033","-0.20406045467348033","-0.2521099583640672","-0.2521099583640672","-0.2521099583640672","-0.20983058257826118","-0.20983058257826118","-0.20983058257826118","-0.20262820720672609","-0.20262820720672609","-0.20262820720672609"
"8","-0.08142714627270628","-0.08142714627270628","-0.08142714627270628","-0.24907510576034955","-0.24907510576034955","-0.24907510576034955","-0.15541938705882205","-0.15541938705882205","-0.15541938705882205","-0.20406045467348033","-0.20406045467348033","-0.20406045467348033","-0.2519539933362299","-0.2519539933362299","-0.2519539933362299","-0.2101655961085293","-0.2101655961085293","-0.2101655961085293","-0.20325167179107667","-0.20325167179107667","-0.20325167179107667"
"9","-0.08142714627270628","-0.08142714627270628","-0.08142714627270628","-0.24889366112551534","-0.24889366112551534","-0.24889366112551534","-0.15541938705882205","-0.15541938705882205","-0.15541938705882205","-0.20406045467348033","-0.20406045467348033","-0.20406045467348033","-0.2517881016464918","-0.2517881016464918","-0.2517881016464918","-0.2098893560726628","-0.2098893560726628","-0.2098893560726628","-0.20310237407684326","-0.20310237407684326","-0.20310237407684326"
"10","-0.08142714627270628","-0.08142714627270628","-0.08142714627270628","-0.2491041265455075","-0.2491041265455075","-0.2491041265455075","-0.15541938705882205","-0.15541938705882205","-0.15541938705882205","-0.20406045467348033","-0.20406045467348033","-0.20406045467348033","-0.2520347683405242","-0.2520347683405242","-0.2520347683405242","-0.21066700826409518","-0.21066700826409518","-0.21066700826409518","-0.20379056930541992","-0.20379056930541992","-0.20379056930541992"
"11","-0.08142714627270628","-0.08142714627270628","-0.08142714627270628","-0.24917024566893237","-0.24917024566893237","-0.24917024566893237","-0.15541938705882205","-0.15541938705882205","-0.15541938705882205","-0.20406045467348033","-0.20406045467348033","-0.20406045467348033","-0.24438825870483388","-0.24438825870483388","-0.24438825870483388","-0.209954547023487","-0.209954547023487","-0.209954547023487","-0.20347681045532226","-0.20347681045532226","-0.20347681045532226"
"12","-0.08142714627270628","-0.08142714627270628","-0.08142714627270628","-0.24924808612419888","-0.24924808612419888","-0.24924808612419888","-0.15541938705882205","-0.15541938705882205","-0.15541938705882205","-0.20406045467348033","-0.20406045467348033","-0.20406045467348033","-0.24435320949700914","-0.24435320949700914","-0.24435320949700914","-0.20957876400553177","-0.20957876400553177","-0.20957876400553177","-0.20296673774719237","-0.20296673774719237","-0.20296673774719237"
"13","-0.08142714627270628","-0.08142714627270628","-0.08142714627270628","-0.24151485518046237","-0.24151485518046237","-0.24151485518046237","-0.15541938705882205","-0.15541938705882205","-0.15541938705882205","-0.20406045467348033","-0.20406045467348033","-0.20406045467348033","-0.24429056052911036","-0.24429056052911036","-0.24429056052911036","-0.20489697456359862","-0.20489697456359862","-0.20489697456359862","-0.20296673774719237","-0.20296673774719237","-0.20296673774719237"
"14","-0.08142714627270628","-0.08142714627270628","-0.08142714627270628","-0.241526120677392","-0.241526120677392","-0.241526120677392","-0.15541938705882205","-0.15541938705882205","-0.15541938705882205","-0.20406045467348033","-0.20406045467348033","-0.20406045467348033","-0.24430020151715706","-0.24430020151715706","-0.24430020151715706","-0.20979460575983055","-0.20979460575983055","-0.20979460575983055","-0.20262424945831298","-0.20262424945831298","-0.20262424945831298"
"15","-0.08142714627270628","-0.08142714627270628","-0.08142714627270628","-0.24163409287470825","-0.24163409287470825","-0.24163409287470825","-0.15541938705882205","-0.15541938705882205","-0.15541938705882205","-0.20406045467348033","-0.20406045467348033","-0.20406045467348033","-0.24292935516404293","-0.24292935516404293","-0.24292935516404293","-0.21009428229366664","-0.21009428229366664","-0.21009428229366664","-0.20292367935180664","-0.20292367935180664","-0.20292367935180664"
"16","-0.08142714627270628","-0.08142714627270628","-0.08142714627270628","-0.24162444610443065","-0.24162444610443065","-0.24162444610443065","-0.15541938705882205","-0.15541938705882205","-0.15541938705882205","-0.20406045467348033","-0.20406045467348033","-0.20406045467348033","-0.17335458573099385","-0.17335458573099385","-0.17335458573099385","-0.20997567858269464","-0.20997567858269464","-0.20997567858269464","-0.20332894325256348","-0.20332894325256348","-0.20332894325256348"
"17","-0.08142714627270628","-0.08142714627270628","-0.08142714627270628","-0.24175889843006423","-0.24175889843006423","-0.24175889843006423","-0.15541938705882205","-0.15541938705882205","-0.15541938705882205","-0.20406045467348033","-0.20406045467348033","-0.20406045467348033","-0.1361470196648159","-0.1361470196648159","-0.1361470196648159","-0.2036139726638794","-0.2036139726638794","-0.2036139726638794","-0.20332894325256348","-0.20332894325256348","-0.20332894325256348"
"18","-0.08142714627270628","-0.08142714627270628","-0.08142714627270628","-0.24151974480933586","-0.24151974480933586","-0.24151974480933586","-0.15541938705882205","-0.15541938705882205","-0.15541938705882205","-0.20406045467348033","-0.20406045467348033","-0.20406045467348033","-0.13451229777238602","-0.13451229777238602","-0.13451229777238602","-0.2028527021408081","-0.2028527021408081","-0.2028527021408081","-0.20332894325256348","-0.20332894325256348","-0.20332894325256348"
"19","-0.08142714627270628","-0.08142714627270628","-0.08142714627270628","-0.24175093385848742","-0.24175093385848742","-0.24175093385848742","-0.15541938705882205","-0.15541938705882205","-0.15541938705882205","-0.20406045467348033","-0.20406045467348033","-0.20406045467348033","-0.13344365216218879","-0.13344365216218879","-0.13344365216218879","-0.20298306941986083","-0.20298306941986083","-0.20298306941986083","-0.20332894325256348","-0.20332894325256348","-0.20332894325256348"
"20","-0.08142714627270628","-0.08142714627270628","-0.08142714627270628","-0.2410546263135586","-0.2410546263135586","-0.2410546263135586","-0.15541938705882205","-0.15541938705882205","-0.15541938705882205","-0.20406045467348033","-0.20406045467348033","-0.20406045467348033","-0.13250858231953763","-0.13250858231953763","-0.13250858231953763","-0.21000763553901006","-0.21000763553901006","-0.21000763553901006","-0.20392050743103027","-0.20392050743103027","-0.20392050743103027"
"21","-0.08142714627270628","-0.08142714627270628","-0.08142714627270628","-0.2054150211015502","-0.2054150211015502","-0.2054150211015502","-0.15541938705882205","-0.15541938705882205","-0.15541938705882205","-0.20406045467348033","-0.20406045467348033","-0.20406045467348033","-0.13656684621895934","-0.13656684621895934","-0.13656684621895934","-0.08297922647661365","-0.08297922647661365","-0.08297922647661365","-0.20370025634765626","-0.20370025634765626","-0.20370025634765626"
"22","-0.07667375559515915","-0.07667375559515915","-0.07667375559515915","-0.2054150211015502","-0.2054150211015502","-0.2054150211015502","-0.15541938705882205","-0.15541938705882205","-0.15541938705882205","-0.20345516204833985","-0.20345516204833985","-0.20345516204833985","-0.13656684621895934","-0.13656684621895934","-0.13656684621895934","-0.07827432422917004","-0.07827432422917004","-0.07827432422917004","-0.13558901189220915","-0.13558901189220915","-0.13558901189220915"
"23","-0.07270417426592433","-0.07270417426592433","-0.07270417426592433","-0.2054150211015502","-0.2054150211015502","-0.2054150211015502","-0.15541938705882205","-0.15541938705882205","-0.15541938705882205","-0.19897674322128295","-0.19897674322128295","-0.19897674322128295","-0.13656684621895934","-0.13656684621895934","-0.13656684621895934","-0.07827432422917004","-0.07827432422917004","-0.07827432422917004","-0.13558901189220915","-0.13558901189220915","-0.13558901189220915"
"24","-0.07075062496526655","-0.07075062496526655","-0.07075062496526655","-0.2054150211015502","-0.2054150211015502","-0.2054150211015502","-0.15541938705882205","-0.15541938705882205","-0.15541938705882205","-0.1975764274597168","-0.1975764274597168","-0.1975764274597168","-0.13656684621895934","-0.13656684621895934","-0.13656684621895934","-0.07827432422917004","-0.07827432422917004","-0.07827432422917004","-0.13558901189220915","-0.13558901189220915","-0.13558901189220915"
"25","-0.11016464233398438","-0.11016464233398438","-0.11016464233398438","-0.2054150211015502","-0.2054150211015502","-0.2054150211015502","-0.15541938705882205","-0.15541938705882205","-0.15541938705882205","-0.1876584956076293","-0.1876584956076293","-0.1876584956076293","-0.12056013765181675","-0.12056013765181675","-0.12056013765181675","-0.07827432422917004","-0.07827432422917004","-0.07827432422917004","-0.13558901189220915","-0.13558901189220915","-0.13558901189220915"
"26","-0.11016464233398438","-0.11016464233398438","-0.11016464233398438","-0.20340795516967775","-0.20340795516967775","-0.20340795516967775","-0.15171719953347157","-0.15171719953347157","-0.15171719953347157","-0.10651207571513015","-0.10651207571513015","-0.10651207571513015","-0.12056013765181675","-0.12056013765181675","-0.12056013765181675","-0.10013987598048707","-0.10013987598048707","-0.10013987598048707","-0.13558901189220915","-0.13558901189220915","-0.13558901189220915"
"27","-0.14137804508209229","-0.14137804508209229","-0.14137804508209229","-0.2030564069747925","-0.2030564069747925","-0.2030564069747925","-0.15171719953347157","-0.15171719953347157","-0.15171719953347157","-0.10651207571513015","-0.10651207571513015","-0.10651207571513015","-0.11739195371231105","-0.11739195371231105","-0.11739195371231105","-0.10013987598048707","-0.10013987598048707","-0.10013987598048707","-0.13558901189220915","-0.13558901189220915","-0.13558901189220915"
"28","-0.07208570091736412","-0.07208570091736412","-0.07208570091736412","-0.19220414194855545","-0.19220414194855545","-0.19220414194855545","-0.13473281419346098","-0.13473281419346098","-0.13473281419346098","-0.15539207458496093","-0.15539207458496093","-0.15539207458496093","-0.11046545269051612","-0.11046545269051612","-0.11046545269051612","-0.10013987598048707","-0.10013987598048707","-0.10013987598048707","-0.13558901189220915","-0.13558901189220915","-0.13558901189220915"
"29","-0.07030026435312424","-0.07030026435312424","-0.07030026435312424","-0.19220414194855545","-0.19220414194855545","-0.19220414194855545","-0.13473281419346098","-0.13473281419346098","-0.13473281419346098","-0.15539207458496093","-0.15539207458496093","-0.15539207458496093","-0.1479950189590454","-0.1479950189590454","-0.1479950189590454","-0.10013987598048707","-0.10013987598048707","-0.10013987598048707","-0.13558901189220915","-0.13558901189220915","-0.13558901189220915"
"30","-0.0699869725883619","-0.0699869725883619","-0.0699869725883619","-0.1929059147834778","-0.1929059147834778","-0.1929059147834778","-0.13473281419346098","-0.13473281419346098","-0.13473281419346098","-0.15539207458496093","-0.15539207458496093","-0.15539207458496093","-0.1479950189590454","-0.1479950189590454","-0.1479950189590454","-0.10013987598048707","-0.10013987598048707","-0.10013987598048707","-0.13558901189220915","-0.13558901189220915","-0.13558901189220915"
"31","-0.0699869725883619","-0.0699869725883619","-0.0699869725883619","-0.1929059147834778","-0.1929059147834778","-0.1929059147834778","-0.13473281419346098","-0.13473281419346098","-0.13473281419346098","-0.15539207458496093","-0.15539207458496093","-0.15539207458496093","-0.08357724371766631","-0.08357724371766631","-0.08357724371766631","-0.10013987598048707","-0.10013987598048707","-0.10013987598048707","-0.13558901189220915","-0.13558901189220915","-0.13558901189220915"
"32","-0.0993101418018341","-0.0993101418018341","-0.0993101418018341","-0.1929059147834778","-0.1929059147834778","-0.1929059147834778","-0.13473281419346098","-0.13473281419346098","-0.13473281419346098","-0.15539207458496093","-0.15539207458496093","-0.15539207458496093","-0.08264117232811363","-0.08264117232811363","-0.08264117232811363","-0.10013987598048707","-0.10013987598048707","-0.10013987598048707","-0.13558901189220915","-0.13558901189220915","-0.13558901189220915"
"33","-0.0993101418018341","-0.0993101418018341","-0.0993101418018341","-0.1929059147834778","-0.1929059147834778","-0.1929059147834778","-0.13473281419346098","-0.13473281419346098","-0.13473281419346098","-0.15539207458496093","-0.15539207458496093","-0.15539207458496093","-0.08221078344925885","-0.08221078344925885","-0.08221078344925885","-0.10013987598048707","-0.10013987598048707","-0.10013987598048707","-0.13558901189220915","-0.13558901189220915","-0.13558901189220915"
"34","-0.0993101418018341","-0.0993101418018341","-0.0993101418018341","-0.1929059147834778","-0.1929059147834778","-0.1929059147834778","-0.13473281419346098","-0.13473281419346098","-0.13473281419346098","-0.15539207458496093","-0.15539207458496093","-0.15539207458496093","-0.08202688365020765","-0.08202688365020765","-0.08202688365020765","-0.10013987598048707","-0.10013987598048707","-0.10013987598048707","-0.13558901189220915","-0.13558901189220915","-0.13558901189220915"
"35","-0.0993101418018341","-0.0993101418018341","-0.0993101418018341","-0.1929059147834778","-0.1929059147834778","-0.1929059147834778","-0.13473281419346098","-0.13473281419346098","-0.13473281419346098","-0.15539207458496093","-0.15539207458496093","-0.15539207458496093","-0.0813148479416958","-0.0813148479416958","-0.0813148479416958","-0.10013987598048707","-0.10013987598048707","-0.10013987598048707","-0.13558901189220915","-0.13558901189220915","-0.13558901189220915"
"36","-0.0993101418018341","-0.0993101418018341","-0.0993101418018341","-0.1929059147834778","-0.1929059147834778","-0.1929059147834778","-0.13473281419346098","-0.13473281419346098","-0.13473281419346098","-0.15539207458496093","-0.15539207458496093","-0.15539207458496093","-0.08055614409455582","-0.08055614409455582","-0.08055614409455582","-0.10013987598048707","-0.10013987598048707","-0.10013987598048707","-0.13558901189220915","-0.13558901189220915","-0.13558901189220915"
"37","-0.0993101418018341","-0.0993101418018341","-0.0993101418018341","-0.19646589756011962","-0.19646589756011962","-0.19646589756011962","-0.13473281419346098","-0.13473281419346098","-0.13473281419346098","-0.15539207458496093","-0.15539207458496093","-0.15539207458496093","-0.08000213571242724","-0.08000213571242724","-0.08000213571242724","-0.10013987598048707","-0.10013987598048707","-0.10013987598048707","-0.13558901189220915","-0.13558901189220915","-0.13558901189220915"
"38","-0.08573235869407654","-0.08573235869407654","-0.08573235869407654","-0.14969285819766312","-0.14969285819766312","-0.14969285819766312","-0.13473281419346098","-0.13473281419346098","-0.13473281419346098","-0.14138901526684286","-0.14138901526684286","-0.14138901526684286","-0.079406363317878","-0.079406363317878","-0.079406363317878","-0.0859608555970927","-0.0859608555970927","-0.0859608555970927","-0.13558901189220915","-0.13558901189220915","-0.13558901189220915"
"39","-0.08573235869407654","-0.08573235869407654","-0.08573235869407654","-0.14851017770050579","-0.14851017770050579","-0.14851017770050579","-0.1334625482559204","-0.1334625482559204","-0.1334625482559204","-0.0666954997053972","-0.0666954997053972","-0.0666954997053972","-0.079406363317878","-0.079406363317878","-0.079406363317878","-0.07867624151121995","-0.07867624151121995","-0.07867624151121995","-0.13558901189220915","-0.13558901189220915","-0.13558901189220915"
"40","-0.07185420595366379","-0.07185420595366379","-0.07185420595366379","-0.14851017770050579","-0.14851017770050579","-0.14851017770050579","-0.1334625482559204","-0.1334625482559204","-0.1334625482559204","-0.1343688726425171","-0.1343688726425171","-0.1343688726425171","-0.07636064932288719","-0.07636064932288719","-0.07636064932288719","-0.07867624151121995","-0.07867624151121995","-0.07867624151121995","-0.13558901189220915","-0.13558901189220915","-0.13558901189220915"
"41","-0.07126318292760914","-0.07126318292760914","-0.07126318292760914","-0.14851017770050579","-0.14851017770050579","-0.14851017770050579","-0.1334625482559204","-0.1334625482559204","-0.1334625482559204","-0.12391844987869263","-0.12391844987869263","-0.12391844987869263","-0.07631362595580136","-0.07631362595580136","-0.07631362595580136","-0.07867624151121995","-0.07867624151121995","-0.07867624151121995","-0.13558901189220915","-0.13558901189220915","-0.13558901189220915"
"42","-0.07126318292760914","-0.07126318292760914","-0.07126318292760914","-0.14851017770050579","-0.14851017770050579","-0.14851017770050579","-0.1334625482559204","-0.1334625482559204","-0.1334625482559204","-0.12346477508544922","-0.12346477508544922","-0.12346477508544922","-0.07504774961193264","-0.07504774961193264","-0.07504774961193264","-0.07867624151121995","-0.07867624151121995","-0.07867624151121995","-0.13558901189220915","-0.13558901189220915","-0.13558901189220915"
"43","-0.07028487911139807","-0.07028487911139807","-0.07028487911139807","-0.14851017770050579","-0.14851017770050579","-0.14851017770050579","-0.1334625482559204","-0.1334625482559204","-0.1334625482559204","-0.12174798250198364","-0.12174798250198364","-0.12174798250198364","-0.0738594709511534","-0.0738594709511534","-0.0738594709511534","-0.07867624151121995","-0.07867624151121995","-0.07867624151121995","-0.13558901189220915","-0.13558901189220915","-0.13558901189220915"
"44","-0.07052524107159774","-0.07052524107159774","-0.07052524107159774","-0.14851017770050579","-0.14851017770050579","-0.14851017770050579","-0.1334625482559204","-0.1334625482559204","-0.1334625482559204","-0.12139816284179687","-0.12139816284179687","-0.12139816284179687","-0.07320750832181867","-0.07320750832181867","-0.07320750832181867","-0.07867624151121995","-0.07867624151121995","-0.07867624151121995","-0.13558901189220915","-0.13558901189220915","-0.13558901189220915"
"45","-0.07023040208652448","-0.07023040208652448","-0.07023040208652448","-0.14851017770050579","-0.14851017770050579","-0.14851017770050579","-0.1334625482559204","-0.1334625482559204","-0.1334625482559204","-0.12504318952560425","-0.12504318952560425","-0.12504318952560425","-0.07245989056279555","-0.07245989056279555","-0.07245989056279555","-0.07867624151121995","-0.07867624151121995","-0.07867624151121995","-0.13558901189220915","-0.13558901189220915","-0.13558901189220915"
"46","-0.07023040208652448","-0.07023040208652448","-0.07023040208652448","-0.14851017770050579","-0.14851017770050579","-0.14851017770050579","-0.1334625482559204","-0.1334625482559204","-0.1334625482559204","-0.12876378297805785","-0.12876378297805785","-0.12876378297805785","-0.07201441927567497","-0.07201441927567497","-0.07201441927567497","-0.07867624151121995","-0.07867624151121995","-0.07867624151121995","-0.13558901189220915","-0.13558901189220915","-0.13558901189220915"
"47","-0.07062847157923607","-0.07062847157923607","-0.07062847157923607","-0.14851017770050579","-0.14851017770050579","-0.14851017770050579","-0.1334625482559204","-0.1334625482559204","-0.1334625482559204","-0.12997937202453613","-0.12997937202453613","-0.12997937202453613","-0.07183850718319305","-0.07183850718319305","-0.07183850718319305","-0.07867624151121995","-0.07867624151121995","-0.07867624151121995","-0.13558901189220915","-0.13558901189220915","-0.13558901189220915"
"48","-0.07062847157923607","-0.07062847157923607","-0.07062847157923607","-0.14851017770050579","-0.14851017770050579","-0.14851017770050579","-0.1334625482559204","-0.1334625482559204","-0.1334625482559204","-0.12548496723175048","-0.12548496723175048","-0.12548496723175048","-0.0713684807289351","-0.0713684807289351","-0.0713684807289351","-0.07867624151121995","-0.07867624151121995","-0.07867624151121995","-0.13558901189220915","-0.13558901189220915","-0.13558901189220915"
"49","-0.07065202978396436","-0.07065202978396436","-0.07065202978396436","-0.14851017770050579","-0.14851017770050579","-0.14851017770050579","-0.1334625482559204","-0.1334625482559204","-0.1334625482559204","-0.1270565629005432","-0.1270565629005432","-0.1270565629005432","-0.07090707349850457","-0.07090707349850457","-0.07090707349850457","-0.07867624151121995","-0.07867624151121995","-0.07867624151121995","-0.13558901189220915","-0.13558901189220915","-0.13558901189220915"
"50","-0.07065202978396436","-0.07065202978396436","-0.07065202978396436","-0.16873909235000611","-0.16873909235000611","-0.16873909235000611","-0.1334625482559204","-0.1334625482559204","-0.1334625482559204","-0.08081872753516404","-0.08081872753516404","-0.08081872753516404","-0.07051077175040164","-0.07051077175040164","-0.07051077175040164","-0.07867624151121995","-0.07867624151121995","-0.07867624151121995","-0.13558901189220915","-0.13558901189220915","-0.13558901189220915"
"51","-0.06895551249046408","-0.06895551249046408","-0.06895551249046408","-0.16873909235000611","-0.16873909235000611","-0.16873909235000611","-0.1334625482559204","-0.1334625482559204","-0.1334625482559204","-0.08081872753516404","-0.08081872753516404","-0.08081872753516404","-0.16853535175323486","-0.16853535175323486","-0.16853535175323486","-0.07867624151121995","-0.07867624151121995","-0.07867624151121995","-0.13558901189220915","-0.13558901189220915","-0.13558901189220915"
"52","-0.1386582851409912","-0.1386582851409912","-0.1386582851409912","-0.16873909235000611","-0.16873909235000611","-0.16873909235000611","-0.1334625482559204","-0.1334625482559204","-0.1334625482559204","-0.06397254261411188","-0.06397254261411188","-0.06397254261411188","-0.06917007047890479","-0.06917007047890479","-0.06917007047890479","-0.07867624151121995","-0.07867624151121995","-0.07867624151121995","-0.13558901189220915","-0.13558901189220915","-0.13558901189220915"
"53","-0.1386582851409912","-0.1386582851409912","-0.1386582851409912","-0.16873909235000611","-0.16873909235000611","-0.16873909235000611","-0.1334625482559204","-0.1334625482559204","-0.1334625482559204","-0.06397254261411188","-0.06397254261411188","-0.06397254261411188","-0.06746314346872222","-0.06746314346872222","-0.06746314346872222","-0.07867624151121995","-0.07867624151121995","-0.07867624151121995","-0.13558901189220915","-0.13558901189220915","-0.13558901189220915"
"54","-0.1386582851409912","-0.1386582851409912","-0.1386582851409912","-0.16873909235000611","-0.16873909235000611","-0.16873909235000611","-0.1334625482559204","-0.1334625482559204","-0.1334625482559204","-0.06919384321403291","-0.06919384321403291","-0.06919384321403291","-0.06880290239806049","-0.06880290239806049","-0.06880290239806049","-0.09945415258407593","-0.09945415258407593","-0.09945415258407593","-0.13558901189220915","-0.13558901189220915","-0.13558901189220915"
"55","-0.07057820273087163","-0.07057820273087163","-0.07057820273087163","-0.16873909235000611","-0.16873909235000611","-0.16873909235000611","-0.13840956687927247","-0.13840956687927247","-0.13840956687927247","-0.06919384321403291","-0.06919384321403291","-0.06919384321403291","-0.06893469215586098","-0.06893469215586098","-0.06893469215586098","-0.09945415258407593","-0.09945415258407593","-0.09945415258407593","-0.13558901189220915","-0.13558901189220915","-0.13558901189220915"
"56","-0.0690316497898942","-0.0690316497898942","-0.0690316497898942","-0.1468254200463156","-0.1468254200463156","-0.1468254200463156","-0.13082784414291382","-0.13082784414291382","-0.13082784414291382","-0.05862009117688293","-0.05862009117688293","-0.05862009117688293","-0.06893469215586098","-0.06893469215586098","-0.06893469215586098","-0.08228531991386902","-0.08228531991386902","-0.08228531991386902","-0.13558901189220915","-0.13558901189220915","-0.13558901189220915"
"57","-0.06990362890109417","-0.06990362890109417","-0.06990362890109417","-0.1468254200463156","-0.1468254200463156","-0.1468254200463156","-0.04661808101798056","-0.04661808101798056","-0.04661808101798056","-0.05862009117688293","-0.05862009117688293","-0.05862009117688293","-0.14129124879837035","-0.14129124879837035","-0.14129124879837035","-0.07874859790869083","-0.07874859790869083","-0.07874859790869083","-0.13558901189220915","-0.13558901189220915","-0.13558901189220915"
"58","-1.383534049987793","-1.383534049987793","-1.383534049987793","-0.1187169009510142","-0.1187169009510142","-0.1187169009510142","-0.04661808101798056","-0.04661808101798056","-0.04661808101798056","-0.05862009117688293","-0.05862009117688293","-0.05862009117688293","-0.0684922205757164","-0.0684922205757164","-0.0684922205757164","-0.07874859790869083","-0.07874859790869083","-0.07874859790869083","-0.13558901189220915","-0.13558901189220915","-0.13558901189220915"
"59","-1.383534049987793","-1.383534049987793","-1.383534049987793","-0.1187169009510142","-0.1187169009510142","-0.1187169009510142","-0.04661808101798056","-0.04661808101798056","-0.04661808101798056","-0.08649073243141174","-0.08649073243141174","-0.08649073243141174","-0.06820709546741119","-0.06820709546741119","-0.06820709546741119","-0.07874859790869083","-0.07874859790869083","-0.07874859790869083","-0.13558901189220915","-0.13558901189220915","-0.13558901189220915"
"60","-1.383534049987793","-1.383534049987793","-1.383534049987793","-0.1187169009510142","-0.1187169009510142","-0.1187169009510142","-0.04661808101798056","-0.04661808101798056","-0.04661808101798056","-0.08403406739234924","-0.08403406739234924","-0.08403406739234924","-0.067989039465408","-0.067989039465408","-0.067989039465408","-0.07874859790869083","-0.07874859790869083","-0.07874859790869083","-0.13558901189220915","-0.13558901189220915","-0.13558901189220915"
"61","-1.383534049987793","-1.383534049987793","-1.383534049987793","-0.1187169009510142","-0.1187169009510142","-0.1187169009510142","-0.04661808101798056","-0.04661808101798056","-0.04661808101798056","-0.08176432847976685","-0.08176432847976685","-0.08176432847976685","-0.06768092318192497","-0.06768092318192497","-0.06768092318192497","-0.08073431186461716","-0.08073431186461716","-0.08073431186461716","-0.13558901189220915","-0.13558901189220915","-0.13558901189220915"
"62","-1.383534049987793","-1.383534049987793","-1.383534049987793","-0.1187169009510142","-0.1187169009510142","-0.1187169009510142","-0.04661808101798056","-0.04661808101798056","-0.04661808101798056","-0.08176432847976685","-0.08176432847976685","-0.08176432847976685","-0.06780399997505507","-0.06780399997505507","-0.06780399997505507","-0.07972903847694397","-0.07972903847694397","-0.07972903847694397","-0.13558901189220915","-0.13558901189220915","-0.13558901189220915"
"63","-1.383534049987793","-1.383534049987793","-1.383534049987793","-0.1187169009510142","-0.1187169009510142","-0.1187169009510142","-0.04661808101798056","-0.04661808101798056","-0.04661808101798056","-0.08252204060554505","-0.08252204060554505","-0.08252204060554505","-0.06752640867028989","-0.06752640867028989","-0.06752640867028989","-0.07972903847694397","-0.07972903847694397","-0.07972903847694397","-0.13558901189220915","-0.13558901189220915","-0.13558901189220915"
"64","-1.383534049987793","-1.383534049987793","-1.383534049987793","-0.1187169009510142","-0.1187169009510142","-0.1187169009510142","-0.04661808101798056","-0.04661808101798056","-0.04661808101798056","-0.08117528557777405","-0.08117528557777405","-0.08117528557777405","-0.06896269599927501","-0.06896269599927501","-0.06896269599927501","-0.07367893565784801","-0.07367893565784801","-0.07367893565784801","-0.13558901189220915","-0.13558901189220915","-0.13558901189220915"
"65","-1.383534049987793","-1.383534049987793","-1.383534049987793","-0.1187169009510142","-0.1187169009510142","-0.1187169009510142","-0.07283080220222474","-0.07283080220222474","-0.07283080220222474","-0.06221388259309122","-0.06221388259309122","-0.06221388259309122","-0.09283087674309226","-0.09283087674309226","-0.09283087674309226","-0.07125234569191558","-0.07125234569191558","-0.07125234569191558","-0.13558901189220915","-0.13558901189220915","-0.13558901189220915"
"66","-0.0694300927762004","-0.0694300927762004","-0.0694300927762004","-0.1187169009510142","-0.1187169009510142","-0.1187169009510142","-0.07283080220222474","-0.07283080220222474","-0.07283080220222474","-0.07753148674964905","-0.07753148674964905","-0.07753148674964905","-0.0751501324963711","-0.0751501324963711","-0.0751501324963711","-0.07125234569191558","-0.07125234569191558","-0.07125234569191558","-0.1249692270446522","-0.1249692270446522","-0.1249692270446522"
"67","-0.0688788522158046","-0.0688788522158046","-0.0688788522158046","-0.1187169009510142","-0.1187169009510142","-0.1187169009510142","-0.07283080220222474","-0.07283080220222474","-0.07283080220222474","-0.07753148674964905","-0.07753148674964905","-0.07753148674964905","-0.0751501324963711","-0.0751501324963711","-0.0751501324963711","-0.07125234569191558","-0.07125234569191558","-0.07125234569191558","-0.1249692270446522","-0.1249692270446522","-0.1249692270446522"
"68","-0.5789417266845703","-0.5789417266845703","-0.5789417266845703","-0.1187169009510142","-0.1187169009510142","-0.1187169009510142","-0.07283080220222474","-0.07283080220222474","-0.07283080220222474","-0.07753148674964905","-0.07753148674964905","-0.07753148674964905","-0.06889818749810545","-0.06889818749810545","-0.06889818749810545","-0.07134588833512931","-0.07134588833512931","-0.07134588833512931","-0.1249692270446522","-0.1249692270446522","-0.1249692270446522"
"69","-0.5789417266845703","-0.5789417266845703","-0.5789417266845703","-0.1362163782119751","-0.1362163782119751","-0.1362163782119751","-0.07283080220222474","-0.07283080220222474","-0.07283080220222474","-0.057415087176221104","-0.057415087176221104","-0.057415087176221104","-0.0737811645711376","-0.0737811645711376","-0.0737811645711376","-0.07134588833512931","-0.07134588833512931","-0.07134588833512931","-0.11870335790056914","-0.11870335790056914","-0.11870335790056914"
"70","-0.5789417266845703","-0.5789417266845703","-0.5789417266845703","-0.11510527321768851","-0.11510527321768851","-0.11510527321768851","-0.04666844241811939","-0.04666844241811939","-0.04666844241811939","-0.07707395553588867","-0.07707395553588867","-0.07707395553588867","-0.0737811645711376","-0.0737811645711376","-0.0737811645711376","-0.06958418298717767","-0.06958418298717767","-0.06958418298717767","-0.11870335790056914","-0.11870335790056914","-0.11870335790056914"
"71","-0.06890991990466616","-0.06890991990466616","-0.06890991990466616","-0.11510527321768851","-0.11510527321768851","-0.11510527321768851","-0.04666844241811939","-0.04666844241811939","-0.04666844241811939","-0.07707395553588867","-0.07707395553588867","-0.07707395553588867","-0.12658064365386962","-0.12658064365386962","-0.12658064365386962","-0.06958418298717767","-0.06958418298717767","-0.06958418298717767","-0.11870335790056914","-0.11870335790056914","-0.11870335790056914"
"72","-0.06871291118878071","-0.06871291118878071","-0.06871291118878071","-0.11510527321768851","-0.11510527321768851","-0.11510527321768851","-0.04666844241811939","-0.04666844241811939","-0.04666844241811939","-0.07707395553588867","-0.07707395553588867","-0.07707395553588867","-0.07290801643100554","-0.07290801643100554","-0.07290801643100554","-0.07687338590621948","-0.07687338590621948","-0.07687338590621948","-0.11870335790056914","-0.11870335790056914","-0.11870335790056914"
"73","-0.06910941989942529","-0.06910941989942529","-0.06910941989942529","-0.11510527321768851","-0.11510527321768851","-0.11510527321768851","-0.04666844241811939","-0.04666844241811939","-0.04666844241811939","-0.07391459345817566","-0.07391459345817566","-0.07391459345817566","-0.06956023960238411","-0.06956023960238411","-0.06956023960238411","-0.07687338590621948","-0.07687338590621948","-0.07687338590621948","-0.10708648330863865","-0.10708648330863865","-0.10708648330863865"
"74","-0.06910941989942529","-0.06910941989942529","-0.06910941989942529","-0.11510527321768851","-0.11510527321768851","-0.11510527321768851","-0.04666844241811939","-0.04666844241811939","-0.04666844241811939","-0.07391459345817566","-0.07391459345817566","-0.07391459345817566","-0.06939112125415538","-0.06939112125415538","-0.06939112125415538","-0.07461174726486205","-0.07461174726486205","-0.07461174726486205","-0.06974633633534756","-0.06974633633534756","-0.06974633633534756"
"75","-0.06910941989942529","-0.06910941989942529","-0.06910941989942529","-0.11510527321768851","-0.11510527321768851","-0.11510527321768851","-0.04666844241811939","-0.04666844241811939","-0.04666844241811939","-0.05441303667915387","-0.05441303667915387","-0.05441303667915387","-0.0911939263343811","-0.0911939263343811","-0.0911939263343811","-0.07461174726486205","-0.07461174726486205","-0.07461174726486205","-0.07059196262764597","-0.07059196262764597","-0.07059196262764597"
"76","-0.12899138927459716","-0.12899138927459716","-0.12899138927459716","-0.11510527321768851","-0.11510527321768851","-0.11510527321768851","-0.04666844241811939","-0.04666844241811939","-0.04666844241811939","-0.05441303667915387","-0.05441303667915387","-0.05441303667915387","-0.07180159296262817","-0.07180159296262817","-0.07180159296262817","-0.06881158082663083","-0.06881158082663083","-0.06881158082663083","-0.07059196262764597","-0.07059196262764597","-0.07059196262764597"
"77","-0.12899138927459716","-0.12899138927459716","-0.12899138927459716","-0.11979023218154908","-0.11979023218154908","-0.11979023218154908","-0.04666844241811939","-0.04666844241811939","-0.04666844241811939","-0.056376786753111675","-0.056376786753111675","-0.056376786753111675","-0.07541319883365108","-0.07541319883365108","-0.07541319883365108","-0.06852685535034052","-0.06852685535034052","-0.06852685535034052","-0.07059196262764597","-0.07059196262764597","-0.07059196262764597"
"78","-0.06898854627276928","-0.06898854627276928","-0.06898854627276928","-0.12027727365493775","-0.12027727365493775","-0.12027727365493775","-0.04666844241811939","-0.04666844241811939","-0.04666844241811939","-0.056376786753111675","-0.056376786753111675","-0.056376786753111675","-0.07108590635830521","-0.07108590635830521","-0.07108590635830521","-0.07024096177806904","-0.07024096177806904","-0.07024096177806904","-0.07059196262764597","-0.07059196262764597","-0.07059196262764597"
"79","-0.09821494221687317","-0.09821494221687317","-0.09821494221687317","-0.08411892764580471","-0.08411892764580471","-0.08411892764580471","-0.04666844241811939","-0.04666844241811939","-0.04666844241811939","-0.056376786753111675","-0.056376786753111675","-0.056376786753111675","-0.07108590635830521","-0.07108590635830521","-0.07108590635830521","-0.07024096177806904","-0.07024096177806904","-0.07024096177806904","-0.06553875638673454","-0.06553875638673454","-0.06553875638673454"
"80","-0.09821494221687317","-0.09821494221687317","-0.09821494221687317","-0.08612670440444832","-0.08612670440444832","-0.08612670440444832","-0.04666844241811939","-0.04666844241811939","-0.04666844241811939","-0.056376786753111675","-0.056376786753111675","-0.056376786753111675","-0.07750202795979509","-0.07750202795979509","-0.07750202795979509","-0.07214564681053162","-0.07214564681053162","-0.07214564681053162","-0.06553875638673454","-0.06553875638673454","-0.06553875638673454"
"81","-0.09821494221687317","-0.09821494221687317","-0.09821494221687317","-0.08363587123711845","-0.08363587123711845","-0.08363587123711845","-0.04666844241811939","-0.04666844241811939","-0.04666844241811939","-0.056376786753111675","-0.056376786753111675","-0.056376786753111675","-0.07692089887166811","-0.07692089887166811","-0.07692089887166811","-0.07159727811813354","-0.07159727811813354","-0.07159727811813354","-0.06553875638673454","-0.06553875638673454","-0.06553875638673454"
"82","-0.09821494221687317","-0.09821494221687317","-0.09821494221687317","-0.07998870583635788","-0.07998870583635788","-0.07998870583635788","-0.06509915590286255","-0.06509915590286255","-0.06509915590286255","-0.056376786753111675","-0.056376786753111675","-0.056376786753111675","-0.07696490773059221","-0.07696490773059221","-0.07696490773059221","-0.07159727811813354","-0.07159727811813354","-0.07159727811813354","-0.06553875638673454","-0.06553875638673454","-0.06553875638673454"
"83","-0.09821494221687317","-0.09821494221687317","-0.09821494221687317","-0.08010889205642527","-0.08010889205642527","-0.08010889205642527","-0.04597549373137757","-0.04597549373137757","-0.04597549373137757","-0.056376786753111675","-0.056376786753111675","-0.056376786753111675","-0.07791663877465443","-0.07791663877465443","-0.07791663877465443","-0.07157008647918701","-0.07157008647918701","-0.07157008647918701","-0.06553875638673454","-0.06553875638673454","-0.06553875638673454"
"84","-0.09821494221687317","-0.09821494221687317","-0.09821494221687317","-0.08694612979888916","-0.08694612979888916","-0.08694612979888916","-0.04597549373137757","-0.04597549373137757","-0.04597549373137757","-0.056376786753111675","-0.056376786753111675","-0.056376786753111675","-0.07915508358762428","-0.07915508358762428","-0.07915508358762428","-0.07049355934129303","-0.07049355934129303","-0.07049355934129303","-0.06553875638673454","-0.06553875638673454","-0.06553875638673454"
"85","-0.06869962465771765","-0.06869962465771765","-0.06869962465771765","-0.08694612979888916","-0.08694612979888916","-0.08694612979888916","-0.04597549373137757","-0.04597549373137757","-0.04597549373137757","-0.056376786753111675","-0.056376786753111675","-0.056376786753111675","-0.08805747628211975","-0.08805747628211975","-0.08805747628211975","-0.07049355934129303","-0.07049355934129303","-0.07049355934129303","-0.06553875638673454","-0.06553875638673454","-0.06553875638673454"
"86","-0.06876494402796385","-0.06876494402796385","-0.06876494402796385","-0.08694612979888916","-0.08694612979888916","-0.08694612979888916","-0.04597549373137757","-0.04597549373137757","-0.04597549373137757","-0.056376786753111675","-0.056376786753111675","-0.056376786753111675","-0.07980748038507396","-0.07980748038507396","-0.07980748038507396","-0.07495149374008178","-0.07495149374008178","-0.07495149374008178","-0.06553875638673454","-0.06553875638673454","-0.06553875638673454"
"87","-0.06876494402796385","-0.06876494402796385","-0.06876494402796385","-0.08694612979888916","-0.08694612979888916","-0.08694612979888916","-0.04597549373137757","-0.04597549373137757","-0.04597549373137757","-0.056376786753111675","-0.056376786753111675","-0.056376786753111675","-0.07712318174340443","-0.07712318174340443","-0.07712318174340443","-0.07495149374008178","-0.07495149374008178","-0.07495149374008178","-0.06553875638673454","-0.06553875638673454","-0.06553875638673454"
"88","-0.06876494402796385","-0.06876494402796385","-0.06876494402796385","-0.08789297342300414","-0.08789297342300414","-0.08789297342300414","-0.04597549373137757","-0.04597549373137757","-0.04597549373137757","-0.056376786753111675","-0.056376786753111675","-0.056376786753111675","-0.07635584387125131","-0.07635584387125131","-0.07635584387125131","-0.07495149374008178","-0.07495149374008178","-0.07495149374008178","-0.06553875638673454","-0.06553875638673454","-0.06553875638673454"
"89","-0.06876494402796385","-0.06876494402796385","-0.06876494402796385","-0.08088074798346678","-0.08088074798346678","-0.08088074798346678","-0.04597549373137757","-0.04597549373137757","-0.04597549373137757","-0.0760633647441864","-0.0760633647441864","-0.0760633647441864","-0.08282613287880931","-0.08282613287880931","-0.08282613287880931","-0.07495149374008178","-0.07495149374008178","-0.07495149374008178","-0.06553875638673454","-0.06553875638673454","-0.06553875638673454"
"90","-0.06876494402796385","-0.06876494402796385","-0.06876494402796385","-0.08088074798346678","-0.08088074798346678","-0.08088074798346678","-0.044990951469660874","-0.044990951469660874","-0.044990951469660874","-0.0760633647441864","-0.0760633647441864","-0.0760633647441864","-0.08575916544678583","-0.08575916544678583","-0.08575916544678583","-0.07240958213806152","-0.07240958213806152","-0.07240958213806152","-0.06553875638673454","-0.06553875638673454","-0.06553875638673454"
"91","-0.06876494402796385","-0.06876494402796385","-0.06876494402796385","-0.08088074798346678","-0.08088074798346678","-0.08088074798346678","-0.044990951469660874","-0.044990951469660874","-0.044990951469660874","-0.0760633647441864","-0.0760633647441864","-0.0760633647441864","-0.08850011809372726","-0.08850011809372726","-0.08850011809372726","-0.07230437994003296","-0.07230437994003296","-0.07230437994003296","-0.06553875638673454","-0.06553875638673454","-0.06553875638673454"
"92","-0.06876494402796385","-0.06876494402796385","-0.06876494402796385","-0.08088074798346678","-0.08088074798346678","-0.08088074798346678","-0.044990951469660874","-0.044990951469660874","-0.044990951469660874","-0.0760633647441864","-0.0760633647441864","-0.0760633647441864","-0.08560108878311677","-0.08560108878311677","-0.08560108878311677","-0.071186763048172","-0.071186763048172","-0.071186763048172","-0.06553875638673454","-0.06553875638673454","-0.06553875638673454"
"93","-0.06876494402796385","-0.06876494402796385","-0.06876494402796385","-0.08004890035067797","-0.08004890035067797","-0.08004890035067797","-0.05431938171386719","-0.05431938171386719","-0.05431938171386719","-0.0760633647441864","-0.0760633647441864","-0.0760633647441864","-0.08343334658993311","-0.08343334658993311","-0.08343334658993311","-0.071186763048172","-0.071186763048172","-0.071186763048172","-0.06458774213144558","-0.06458774213144558","-0.06458774213144558"
"94","-0.0743607759475708","-0.0743607759475708","-0.0743607759475708","-0.08004890035067797","-0.08004890035067797","-0.08004890035067797","-0.05431938171386719","-0.05431938171386719","-0.05431938171386719","-0.0760633647441864","-0.0760633647441864","-0.0760633647441864","-0.08796276597928118","-0.08796276597928118","-0.08796276597928118","-0.07154467559996106","-0.07154467559996106","-0.07154467559996106","-0.06458774213144558","-0.06458774213144558","-0.06458774213144558"
"95","-0.0743607759475708","-0.0743607759475708","-0.0743607759475708","-0.07984468086281014","-0.07984468086281014","-0.07984468086281014","-0.05431938171386719","-0.05431938171386719","-0.05431938171386719","-0.0760633647441864","-0.0760633647441864","-0.0760633647441864","-0.08546137545721849","-0.08546137545721849","-0.08546137545721849","-0.06800464812866942","-0.06800464812866942","-0.06800464812866942","-0.06741186380386352","-0.06741186380386352","-0.06741186380386352"
"96","-0.0743607759475708","-0.0743607759475708","-0.0743607759475708","-0.07984468086281014","-0.07984468086281014","-0.07984468086281014","-0.05431938171386719","-0.05431938171386719","-0.05431938171386719","-0.0760633647441864","-0.0760633647441864","-0.0760633647441864","-0.0878211581016086","-0.0878211581016086","-0.0878211581016086","-0.072670578956604","-0.072670578956604","-0.072670578956604","-0.06741186380386352","-0.06741186380386352","-0.06741186380386352"
"97","-0.0743607759475708","-0.0743607759475708","-0.0743607759475708","-0.08755824565887452","-0.08755824565887452","-0.08755824565887452","-0.05431938171386719","-0.05431938171386719","-0.05431938171386719","-0.0760633647441864","-0.0760633647441864","-0.0760633647441864","-0.08586098773719789","-0.08586098773719789","-0.08586098773719789","-0.06993463000686485","-0.06993463000686485","-0.06993463000686485","-0.06741186380386352","-0.06741186380386352","-0.06741186380386352"
"98","-0.0743607759475708","-0.0743607759475708","-0.0743607759475708","-0.08755824565887452","-0.08755824565887452","-0.08755824565887452","-0.05407789349555969","-0.05407789349555969","-0.05407789349555969","-0.0760633647441864","-0.0760633647441864","-0.0760633647441864","-0.08543405246834836","-0.08543405246834836","-0.08543405246834836","-0.06993463000686485","-0.06993463000686485","-0.06993463000686485","-0.06741186380386352","-0.06741186380386352","-0.06741186380386352"
"99","-0.0743607759475708","-0.0743607759475708","-0.0743607759475708","-0.08755824565887452","-0.08755824565887452","-0.08755824565887452","-0.05407789349555969","-0.05407789349555969","-0.05407789349555969","-0.0760633647441864","-0.0760633647441864","-0.0760633647441864","-0.08612454751788456","-0.08612454751788456","-0.08612454751788456","-0.06993463000686485","-0.06993463000686485","-0.06993463000686485","-0.06741186380386352","-0.06741186380386352","-0.06741186380386352"
"100","-0.0743607759475708","-0.0743607759475708","-0.0743607759475708","-0.08755824565887452","-0.08755824565887452","-0.08755824565887452","-0.05407789349555969","-0.05407789349555969","-0.05407789349555969","-0.0760633647441864","-0.0760633647441864","-0.0760633647441864","-0.08627835157260427","-0.08627835157260427","-0.08627835157260427","-0.06993463000686485","-0.06993463000686485","-0.06993463000686485","-0.06741186380386352","-0.06741186380386352","-0.06741186380386352"
"101","-0.0743607759475708","-0.0743607759475708","-0.0743607759475708","-0.08755824565887452","-0.08755824565887452","-0.08755824565887452","-0.05407789349555969","-0.05407789349555969","-0.05407789349555969","-0.0760633647441864","-0.0760633647441864","-0.0760633647441864","-0.08620065521494322","-0.08620065521494322","-0.08620065521494322","-0.06993463000686485","-0.06993463000686485","-0.06993463000686485","-0.06741186380386352","-0.06741186380386352","-0.06741186380386352"
"102","-0.0743607759475708","-0.0743607759475708","-0.0743607759475708","-0.08755824565887452","-0.08755824565887452","-0.08755824565887452","-0.05407789349555969","-0.05407789349555969","-0.05407789349555969","-0.0760633647441864","-0.0760633647441864","-0.0760633647441864","-0.08614474620268672","-0.08614474620268672","-0.08614474620268672","-0.06993463000686485","-0.06993463000686485","-0.06993463000686485","-0.06741186380386352","-0.06741186380386352","-0.06741186380386352"
"103","-0.0743607759475708","-0.0743607759475708","-0.0743607759475708","-0.08755824565887452","-0.08755824565887452","-0.08755824565887452","-0.05407789349555969","-0.05407789349555969","-0.05407789349555969","-0.0760633647441864","-0.0760633647441864","-0.0760633647441864","-0.08616192544559857","-0.08616192544559857","-0.08616192544559857","-0.06993463000686485","-0.06993463000686485","-0.06993463000686485","-0.06741186380386352","-0.06741186380386352","-0.06741186380386352"
"104","-0.0743607759475708","-0.0743607759475708","-0.0743607759475708","-0.08755824565887452","-0.08755824565887452","-0.08755824565887452","-0.05407789349555969","-0.05407789349555969","-0.05407789349555969","-0.0760633647441864","-0.0760633647441864","-0.0760633647441864","-0.08627594391305776","-0.08627594391305776","-0.08627594391305776","-0.06993463000686485","-0.06993463000686485","-0.06993463000686485","-0.06741186380386352","-0.06741186380386352","-0.06741186380386352"
"105","-0.0743607759475708","-0.0743607759475708","-0.0743607759475708","-0.08755824565887452","-0.08755824565887452","-0.08755824565887452","-0.05407789349555969","-0.05407789349555969","-0.05407789349555969","-0.0760633647441864","-0.0760633647441864","-0.0760633647441864","-0.08619141927504345","-0.08619141927504345","-0.08619141927504345","-0.06993463000686485","-0.06993463000686485","-0.06993463000686485","-0.06741186380386352","-0.06741186380386352","-0.06741186380386352"
"106","-0.0743607759475708","-0.0743607759475708","-0.0743607759475708","-0.08755824565887452","-0.08755824565887452","-0.08755824565887452","-0.05407789349555969","-0.05407789349555969","-0.05407789349555969","-0.0760633647441864","-0.0760633647441864","-0.0760633647441864","-0.08612432056636994","-0.08612432056636994","-0.08612432056636994","-0.06993463000686485","-0.06993463000686485","-0.06993463000686485","-0.06741186380386352","-0.06741186380386352","-0.06741186380386352"
"107","-0.0743607759475708","-0.0743607759475708","-0.0743607759475708","-0.08755824565887452","-0.08755824565887452","-0.08755824565887452","-0.05407789349555969","-0.05407789349555969","-0.05407789349555969","-0.0760633647441864","-0.0760633647441864","-0.0760633647441864","-0.08615419922664397","-0.08615419922664397","-0.08615419922664397","-0.06993463000686485","-0.06993463000686485","-0.06993463000686485","-0.06741186380386352","-0.06741186380386352","-0.06741186380386352"
"108","-0.0743607759475708","-0.0743607759475708","-0.0743607759475708","-0.08755824565887452","-0.08755824565887452","-0.08755824565887452","-0.05407789349555969","-0.05407789349555969","-0.05407789349555969","-0.0760633647441864","-0.0760633647441864","-0.0760633647441864","-0.08620474034220657","-0.08620474034220657","-0.08620474034220657","-0.06993463000686485","-0.06993463000686485","-0.06993463000686485","-0.06741186380386352","-0.06741186380386352","-0.06741186380386352"
"109","-0.0743607759475708","-0.0743607759475708","-0.0743607759475708","-0.08755824565887452","-0.08755824565887452","-0.08755824565887452","-0.05407789349555969","-0.05407789349555969","-0.05407789349555969","-0.0760633647441864","-0.0760633647441864","-0.0760633647441864","-0.0862011979250869","-0.0862011979250869","-0.0862011979250869","-0.06993463000686485","-0.06993463000686485","-0.06993463000686485","-0.06741186380386352","-0.06741186380386352","-0.06741186380386352"
"110","-0.0743607759475708","-0.0743607759475708","-0.0743607759475708","-0.08755824565887452","-0.08755824565887452","-0.08755824565887452","-0.05407789349555969","-0.05407789349555969","-0.05407789349555969","-0.0760633647441864","-0.0760633647441864","-0.0760633647441864","-0.08621882120357086","-0.08621882120357086","-0.08621882120357086","-0.06993463000686485","-0.06993463000686485","-0.06993463000686485","-0.06741186380386352","-0.06741186380386352","-0.06741186380386352"
"111","-0.0743607759475708","-0.0743607759475708","-0.0743607759475708","-0.08755824565887452","-0.08755824565887452","-0.08755824565887452","-0.05407789349555969","-0.05407789349555969","-0.05407789349555969","-0.0760633647441864","-0.0760633647441864","-0.0760633647441864","-0.08620817421729751","-0.08620817421729751","-0.08620817421729751","-0.06993463000686485","-0.06993463000686485","-0.06993463000686485","-0.06741186380386352","-0.06741186380386352","-0.06741186380386352"
"112","-0.0743607759475708","-0.0743607759475708","-0.0743607759475708","-0.08755824565887452","-0.08755824565887452","-0.08755824565887452","-0.05407789349555969","-0.05407789349555969","-0.05407789349555969","-0.0760633647441864","-0.0760633647441864","-0.0760633647441864","-0.08620666449635235","-0.08620666449635235","-0.08620666449635235","-0.06993463000686485","-0.06993463000686485","-0.06993463000686485","-0.06741186380386352","-0.06741186380386352","-0.06741186380386352"
"113","-0.0743607759475708","-0.0743607759475708","-0.0743607759475708","-0.08755824565887452","-0.08755824565887452","-0.08755824565887452","-0.05407789349555969","-0.05407789349555969","-0.05407789349555969","-0.0760633647441864","-0.0760633647441864","-0.0760633647441864","-0.08619001809612703","-0.08619001809612703","-0.08619001809612703","-0.06993463000686485","-0.06993463000686485","-0.06993463000686485","-0.06741186380386352","-0.06741186380386352","-0.06741186380386352"
"114","-0.0743607759475708","-0.0743607759475708","-0.0743607759475708","-0.08755824565887452","-0.08755824565887452","-0.08755824565887452","-0.05407789349555969","-0.05407789349555969","-0.05407789349555969","-0.0760633647441864","-0.0760633647441864","-0.0760633647441864","-0.08616821101580814","-0.08616821101580814","-0.08616821101580814","-0.06993463000686485","-0.06993463000686485","-0.06993463000686485","-0.06741186380386352","-0.06741186380386352","-0.06741186380386352"
"115","-0.0743607759475708","-0.0743607759475708","-0.0743607759475708","-0.08755824565887452","-0.08755824565887452","-0.08755824565887452","-0.05407789349555969","-0.05407789349555969","-0.05407789349555969","-0.0760633647441864","-0.0760633647441864","-0.0760633647441864","-0.0861729967325297","-0.0861729967325297","-0.0861729967325297","-0.06993463000686485","-0.06993463000686485","-0.06993463000686485","-0.06741186380386352","-0.06741186380386352","-0.06741186380386352"
"116","-0.0743607759475708","-0.0743607759475708","-0.0743607759475708","-0.08755824565887452","-0.08755824565887452","-0.08755824565887452","-0.05407789349555969","-0.05407789349555969","-0.05407789349555969","-0.0760633647441864","-0.0760633647441864","-0.0760633647441864","-0.08613432616792802","-0.08613432616792802","-0.08613432616792802","-0.06993463000686485","-0.06993463000686485","-0.06993463000686485","-0.06741186380386352","-0.06741186380386352","-0.06741186380386352"
"117","-0.0743607759475708","-0.0743607759475708","-0.0743607759475708","-0.08755824565887452","-0.08755824565887452","-0.08755824565887452","-0.05407789349555969","-0.05407789349555969","-0.05407789349555969","-0.0760633647441864","-0.0760633647441864","-0.0760633647441864","-0.08619267244210249","-0.08619267244210249","-0.08619267244210249","-0.06993463000686485","-0.06993463000686485","-0.06993463000686485","-0.06741186380386352","-0.06741186380386352","-0.06741186380386352"
"118","-0.0743607759475708","-0.0743607759475708","-0.0743607759475708","-0.08755824565887452","-0.08755824565887452","-0.08755824565887452","-0.05407789349555969","-0.05407789349555969","-0.05407789349555969","-0.0760633647441864","-0.0760633647441864","-0.0760633647441864","-0.08615194944641197","-0.08615194944641197","-0.08615194944641197","-0.06993463000686485","-0.06993463000686485","-0.06993463000686485","-0.06741186380386352","-0.06741186380386352","-0.06741186380386352"
"119","-0.0743607759475708","-0.0743607759475708","-0.0743607759475708","-0.08755824565887452","-0.08755824565887452","-0.08755824565887452","-0.05407789349555969","-0.05407789349555969","-0.05407789349555969","-0.0760633647441864","-0.0760633647441864","-0.0760633647441864","-0.08617727920893622","-0.08617727920893622","-0.08617727920893622","-0.06993463000686485","-0.06993463000686485","-0.06993463000686485","-0.06741186380386352","-0.06741186380386352","-0.06741186380386352"