"Step","[GPU] DAICS - Wide Deep Network - AIT201-AIT202-AIT203-FIT201.train_loss","[GPU] DAICS - Wide Deep Network - AIT201-AIT202-AIT203-FIT201.train_loss__MIN","[GPU] DAICS - Wide Deep Network - AIT201-AIT202-AIT203-FIT201.train_loss__MAX","[GPU] DAICS - Wide Deep Network - AIT401-AIT402-FIT401-LIT401.train_loss","[GPU] DAICS - Wide Deep Network - AIT401-AIT402-FIT401-LIT401.train_loss__MIN","[GPU] DAICS - Wide Deep Network - AIT401-AIT402-FIT401-LIT401.train_loss__MAX","[GPU] DAICS - Wide Deep Network - AIT501-AIT502-AIT503-AIT504-FIT501-FIT502-FIT503-FIT504-PIT501-PIT502-PIT503.train_loss","[GPU] DAICS - Wide Deep Network - AIT501-AIT502-AIT503-AIT504-FIT501-FIT502-FIT503-FIT504-PIT501-PIT502-PIT503.train_loss__MIN","[GPU] DAICS - Wide Deep Network - AIT501-AIT502-AIT503-AIT504-FIT501-FIT502-FIT503-FIT504-PIT501-PIT502-PIT503.train_loss__MAX","[GPU] DAICS - Wide Deep Network - DPIT301-FIT301-LIT301.train_loss","[GPU] DAICS - Wide Deep Network - DPIT301-FIT301-LIT301.train_loss__MIN","[GPU] DAICS - Wide Deep Network - DPIT301-FIT301-LIT301.train_loss__MAX","[GPU] DAICS - Wide Deep Network - FIT101-LIT101.train_loss","[GPU] DAICS - Wide Deep Network - FIT101-LIT101.train_loss__MIN","[GPU] DAICS - Wide Deep Network - FIT101-LIT101.train_loss__MAX","[GPU] DAICS - Wide Deep Network - FIT601.train_loss","[GPU] DAICS - Wide Deep Network - FIT601.train_loss__MIN","[GPU] DAICS - Wide Deep Network - FIT601.train_loss__MAX"
"0","-0.050213354434892936","-0.050213354434892936","-0.050213354434892936","-0.06120771398991061","-0.06120771398991061","-0.06120771398991061","-0.01465163227666679","-0.01465163227666679","-0.01465163227666679","-0.052358621587549906","-0.052358621587549906","-0.052358621587549906","-0.10693323438205589","-0.10693323438205589","-0.10693323438205589","-0.007085775962692327","-0.007085775962692327","-0.007085775962692327"
"1","-0.046548147983230224","-0.046548147983230224","-0.046548147983230224","-0.04613054060801041","-0.04613054060801041","-0.04613054060801041","-0.00420341989581647","-0.00420341989581647","-0.00420341989581647","-0.0517966655676809","-0.0517966655676809","-0.0517966655676809","-0.10088079912540074","-0.10088079912540074","-0.10088079912540074","-0.006999459765463896","-0.006999459765463896","-0.006999459765463896"
"2","-0.046552986957020794","-0.046552986957020794","-0.046552986957020794","-0.04614165405068837","-0.04614165405068837","-0.04614165405068837","-0.004203198270682756","-0.004203198270682756","-0.004203198270682756","-0.05182969623692339","-0.05182969623692339","-0.05182969623692339","-0.10073812357069184","-0.10073812357069184","-0.10073812357069184","-0.006947062664041059","-0.006947062664041059","-0.006947062664041059"
"3","-0.04657832769120214","-0.04657832769120214","-0.04657832769120214","-0.04602881259516483","-0.04602881259516483","-0.04602881259516483","-0.004200494270794421","-0.004200494270794421","-0.004200494270794421","-0.05175680736315593","-0.05175680736315593","-0.05175680736315593","-0.10109733368619025","-0.10109733368619025","-0.10109733368619025","-0.006939790940034997","-0.006939790940034997","-0.006939790940034997"
"4","-0.04644839934576804","-0.04644839934576804","-0.04644839934576804","-0.04612179611622455","-0.04612179611622455","-0.04612179611622455","-0.004196467237106008","-0.004196467237106008","-0.004196467237106008","-0.05186984913105061","-0.05186984913105061","-0.05186984913105061","-0.10050206986050253","-0.10050206986050253","-0.10050206986050253","-0.006948125061423909","-0.006948125061423909","-0.006948125061423909"
"5","-0.035739387885248004","-0.035739387885248004","-0.035739387885248004","-0.04173496356583831","-0.04173496356583831","-0.04173496356583831","-0.004211894833779341","-0.004211894833779341","-0.004211894833779341","-0.050172468627725834","-0.050172468627725834","-0.050172468627725834","-0.08688863184520217","-0.08688863184520217","-0.08688863184520217","-0.006941574117807946","-0.006941574117807946","-0.006941574117807946"
"6","-0.018851533771819307","-0.018851533771819307","-0.018851533771819307","-0.009455241255309195","-0.009455241255309195","-0.009455241255309195","-0.004221698630231609","-0.004221698630231609","-0.004221698630231609","-0.03770460357737311","-0.03770460357737311","-0.03770460357737311","-0.04111654208202155","-0.04111654208202155","-0.04111654208202155","-0.006943814291332381","-0.006943814291332381","-0.006943814291332381"
"7","-0.016496419227311963","-0.016496419227311963","-0.016496419227311963","-0.008329547390031744","-0.008329547390031744","-0.008329547390031744","-0.004195047894790663","-0.004195047894790663","-0.004195047894790663","-0.030845059646447775","-0.030845059646447775","-0.030845059646447775","-0.04332665378065332","-0.04332665378065332","-0.04332665378065332","-0.006938860209213316","-0.006938860209213316","-0.006938860209213316"
"8","-0.015536809411976722","-0.015536809411976722","-0.015536809411976722","-0.00812180110747399","-0.00812180110747399","-0.00812180110747399","-0.004125179879035646","-0.004125179879035646","-0.004125179879035646","-0.02525516495205211","-0.02525516495205211","-0.02525516495205211","-0.035054158598153","-0.035054158598153","-0.035054158598153","-0.006942215087155466","-0.006942215087155466","-0.006942215087155466"
"9","-0.013042950727036389","-0.013042950727036389","-0.013042950727036389","-0.007963769866064426","-0.007963769866064426","-0.007963769866064426","-0.004063657580380956","-0.004063657580380956","-0.004063657580380956","-0.019152675697544842","-0.019152675697544842","-0.019152675697544842","-0.03138789257767621","-0.03138789257767621","-0.03138789257767621","-0.006944029706321989","-0.006944029706321989","-0.006944029706321989"
"10","-0.011195238610066213","-0.011195238610066213","-0.011195238610066213","-0.00719839984675745","-0.00719839984675745","-0.00719839984675745","-0.0040398315380674185","-0.0040398315380674185","-0.0040398315380674185","-0.016850132069902175","-0.016850132069902175","-0.016850132069902175","-0.029608134303789876","-0.029608134303789876","-0.029608134303789876","-0.006941365214721213","-0.006941365214721213","-0.006941365214721213"
"11","-0.010748508258081558","-0.010748508258081558","-0.010748508258081558","-0.006036455250511706","-0.006036455250511706","-0.006036455250511706","-0.004020269833818852","-0.004020269833818852","-0.004020269833818852","-0.016623833678127534","-0.016623833678127534","-0.016623833678127534","-0.029550344137147865","-0.029550344137147865","-0.029550344137147865","-0.006939520776823982","-0.006939520776823982","-0.006939520776823982"
"12","-0.010633350485606888","-0.010633350485606888","-0.010633350485606888","-0.005598406751592339","-0.005598406751592339","-0.005598406751592339","-0.003980135903234464","-0.003980135903234464","-0.003980135903234464","-0.016660821027065863","-0.016660821027065863","-0.016660821027065863","-0.029000844795476734","-0.029000844795476734","-0.029000844795476734","-0.0069446511920756996","-0.0069446511920756996","-0.0069446511920756996"
"13","-0.010340389888310866","-0.010340389888310866","-0.010340389888310866","-0.005345877776768847","-0.005345877776768847","-0.005345877776768847","-0.003959293458197459","-0.003959293458197459","-0.003959293458197459","-0.01639656488339306","-0.01639656488339306","-0.01639656488339306","-0.028715111636505305","-0.028715111636505305","-0.028715111636505305","-0.006942874228539401","-0.006942874228539401","-0.006942874228539401"
"14","-0.01035531717096655","-0.01035531717096655","-0.01035531717096655","-0.00529236415885903","-0.00529236415885903","-0.00529236415885903","-0.003925455609602568","-0.003925455609602568","-0.003925455609602568","-0.016335677333118328","-0.016335677333118328","-0.016335677333118328","-0.028502276626723985","-0.028502276626723985","-0.028502276626723985","-0.006941396675091059","-0.006941396675091059","-0.006941396675091059"
"15","-0.010295959721681883","-0.010295959721681883","-0.010295959721681883","-0.005219879770584242","-0.005219879770584242","-0.005219879770584242","-0.0038673422293071706","-0.0038673422293071706","-0.0038673422293071706","-0.016330337572783682","-0.016330337572783682","-0.016330337572783682","-0.02861848864042259","-0.02861848864042259","-0.02861848864042259","-0.006945717687418189","-0.006945717687418189","-0.006945717687418189"
"16","-0.010372349585532497","-0.010372349585532497","-0.010372349585532497","-0.005813749083861875","-0.005813749083861875","-0.005813749083861875","-0.0031671778853313466","-0.0031671778853313466","-0.0031671778853313466","-0.016434927759331964","-0.016434927759331964","-0.016434927759331964","-0.028141280571175327","-0.028141280571175327","-0.028141280571175327","-0.006942565589371157","-0.006942565589371157","-0.006942565589371157"
"17","-0.010165180336424799","-0.010165180336424799","-0.010165180336424799","-0.006586880710566572","-0.006586880710566572","-0.006586880710566572","-0.0025065261220988603","-0.0025065261220988603","-0.0025065261220988603","-0.01627961781391857","-0.01627961781391857","-0.01627961781391857","-0.028442604439507548","-0.028442604439507548","-0.028442604439507548","-0.006939717087242854","-0.006939717087242854","-0.006939717087242854"
"18","-0.010051246022031486","-0.010051246022031486","-0.010051246022031486","-0.006767968786992887","-0.006767968786992887","-0.006767968786992887","-0.002409194266944535","-0.002409194266944535","-0.002409194266944535","-0.01631618447327846","-0.01631618447327846","-0.01631618447327846","-0.02779245038428682","-0.02779245038428682","-0.02779245038428682","-0.006946321085626531","-0.006946321085626531","-0.006946321085626531"
"19","-0.009965366762862523","-0.009965366762862523","-0.009965366762862523","-0.0059535870952050025","-0.0059535870952050025","-0.0059535870952050025","-0.0023714522810286283","-0.0023714522810286283","-0.0023714522810286283","-0.016149645223685585","-0.016149645223685585","-0.016149645223685585","-0.02738514868010397","-0.02738514868010397","-0.02738514868010397","-0.006938593963693511","-0.006938593963693511","-0.006938593963693511"
"20","-0.009897826223423212","-0.009897826223423212","-0.009897826223423212","-0.00587611269595545","-0.00587611269595545","-0.00587611269595545","-0.0023628087288215423","-0.0023628087288215423","-0.0023628087288215423","-0.016121314831877873","-0.016121314831877873","-0.016121314831877873","-0.026981028401530643","-0.026981028401530643","-0.026981028401530643","-0.006939052349059697","-0.006939052349059697","-0.006939052349059697"
"21","-0.00960976934153918","-0.00960976934153918","-0.00960976934153918","-0.005594378183648781","-0.005594378183648781","-0.005594378183648781","-0.002338825942270803","-0.002338825942270803","-0.002338825942270803","-0.01620750685717586","-0.01620750685717586","-0.01620750685717586","-0.026928203380825518","-0.026928203380825518","-0.026928203380825518","-0.006941604136470244","-0.006941604136470244","-0.006941604136470244"
"22","-0.009575196768957307","-0.009575196768957307","-0.009575196768957307","-0.005775428766069778","-0.005775428766069778","-0.005775428766069778","-0.0023252931174111255","-0.0023252931174111255","-0.0023252931174111255","-0.016201100425077455","-0.016201100425077455","-0.016201100425077455","-0.0267202274749081","-0.0267202274749081","-0.0267202274749081","-0.0069382007508305525","-0.0069382007508305525","-0.0069382007508305525"
"23","-0.009691033621298585","-0.009691033621298585","-0.009691033621298585","-0.00521307669863808","-0.00521307669863808","-0.00521307669863808","-0.0023071693345645067","-0.0023071693345645067","-0.0023071693345645067","-0.0161277331322812","-0.0161277331322812","-0.0161277331322812","-0.027024196218522114","-0.027024196218522114","-0.027024196218522114","-0.006939606335673958","-0.006939606335673958","-0.006939606335673958"
"24","-0.009446138915519767","-0.009446138915519767","-0.009446138915519767","-0.004940040226506796","-0.004940040226506796","-0.004940040226506796","-0.002302617537603522","-0.002302617537603522","-0.002302617537603522","-0.01615414016932567","-0.01615414016932567","-0.01615414016932567","-0.026271886480115077","-0.026271886480115077","-0.026271886480115077","-0.006949107580058218","-0.006949107580058218","-0.006949107580058218"
"25","-0.00937101110232956","-0.00937101110232956","-0.00937101110232956","-0.00477461603932292","-0.00477461603932292","-0.00477461603932292","-0.00228622839594853","-0.00228622839594853","-0.00228622839594853","-0.016066278646917443","-0.016066278646917443","-0.016066278646917443","-0.026373035720778457","-0.026373035720778457","-0.026373035720778457","-0.006942951884520767","-0.006942951884520767","-0.006942951884520767"
"26","-0.009395519045638906","-0.009395519045638906","-0.009395519045638906","-0.004564050136061814","-0.004564050136061814","-0.004564050136061814","-0.0022826697213335296","-0.0022826697213335296","-0.0022826697213335296","-0.016150254772950876","-0.016150254772950876","-0.016150254772950876","-0.02622616627315719","-0.02622616627315719","-0.02622616627315719","-0.006939657619319813","-0.006939657619319813","-0.006939657619319813"
"27","-0.009328969707722177","-0.009328969707722177","-0.009328969707722177","-0.00451984319433795","-0.00451984319433795","-0.00451984319433795","-0.00226987668564775","-0.00226987668564775","-0.00226987668564775","-0.01604756855060117","-0.01604756855060117","-0.01604756855060117","-0.026020498460537906","-0.026020498460537906","-0.026020498460537906","-0.006944217202400438","-0.006944217202400438","-0.006944217202400438"
"28","-0.009281566056462591","-0.009281566056462591","-0.009281566056462591","-0.00452396402732728","-0.00452396402732728","-0.00452396402732728","-0.0022519287405332556","-0.0022519287405332556","-0.0022519287405332556","-0.01614019578090869","-0.01614019578090869","-0.01614019578090869","-0.025977209971664125","-0.025977209971664125","-0.025977209971664125","-0.006936801853474368","-0.006936801853474368","-0.006936801853474368"
"29","-0.00947331133337163","-0.00947331133337163","-0.00947331133337163","-0.004461464477548041","-0.004461464477548041","-0.004461464477548041","-0.0022478122764318163","-0.0022478122764318163","-0.0022478122764318163","-0.015938049381585637","-0.015938049381585637","-0.015938049381585637","-0.025722741633325597","-0.025722741633325597","-0.025722741633325597","-0.006945516503577749","-0.006945516503577749","-0.006945516503577749"
"30","-0.009274479198824775","-0.009274479198824775","-0.009274479198824775","-0.004474469404075811","-0.004474469404075811","-0.004474469404075811","-0.0022431674426312814","-0.0022431674426312814","-0.0022431674426312814","-0.015929353561773323","-0.015929353561773323","-0.015929353561773323","-0.02528551504392129","-0.02528551504392129","-0.02528551504392129","-0.006940897053934565","-0.006940897053934565","-0.006940897053934565"
"31","-0.009167099100578772","-0.009167099100578772","-0.009167099100578772","-0.004382340196171891","-0.004382340196171891","-0.004382340196171891","-0.00225806424837197","-0.00225806424837197","-0.00225806424837197","-0.016059934151583792","-0.016059934151583792","-0.016059934151583792","-0.025686054500810972","-0.025686054500810972","-0.025686054500810972","-0.006941283197620599","-0.006941283197620599","-0.006941283197620599"
"32","-0.009183535191500685","-0.009183535191500685","-0.009183535191500685","-0.004424598294152599","-0.004424598294152599","-0.004424598294152599","-0.0022266850760137413","-0.0022266850760137413","-0.0022266850760137413","-0.01597448912763491","-0.01597448912763491","-0.01597448912763491","-0.025661233997097938","-0.025661233997097938","-0.025661233997097938","-0.006938614697929634","-0.006938614697929634","-0.006938614697929634"
"33","-0.00922243265795511","-0.00922243265795511","-0.00922243265795511","-0.004432925339263619","-0.004432925339263619","-0.004432925339263619","-0.002211722098490443","-0.002211722098490443","-0.002211722098490443","-0.015975563499602666","-0.015975563499602666","-0.015975563499602666","-0.025225715189683612","-0.025225715189683612","-0.025225715189683612","-0.00694574086663396","-0.00694574086663396","-0.00694574086663396"
"34","-0.009127272574338438","-0.009127272574338438","-0.009127272574338438","-0.004363991460726637","-0.004363991460726637","-0.004363991460726637","-0.002189488714241957","-0.002189488714241957","-0.002189488714241957","-0.015836136694039812","-0.015836136694039812","-0.015836136694039812","-0.025256541873416357","-0.025256541873416357","-0.025256541873416357","-0.006938338654994479","-0.006938338654994479","-0.006938338654994479"
"35","-0.009178970447556271","-0.009178970447556271","-0.009178970447556271","-0.004468987510703309","-0.004468987510703309","-0.004468987510703309","-0.002179526206698404","-0.002179526206698404","-0.002179526206698404","-0.015867894926342378","-0.015867894926342378","-0.015867894926342378","-0.024848791363653925","-0.024848791363653925","-0.024848791363653925","-0.0069468944213054015","-0.0069468944213054015","-0.0069468944213054015"
"36","-0.009121865387326403","-0.009121865387326403","-0.009121865387326403","-0.004288725459491649","-0.004288725459491649","-0.004288725459491649","-0.002175247496054885","-0.002175247496054885","-0.002175247496054885","-0.015962354571147454","-0.015962354571147454","-0.015962354571147454","-0.02521427807672226","-0.02521427807672226","-0.02521427807672226","-0.006939237306964677","-0.006939237306964677","-0.006939237306964677"
"37","-0.009135997972437637","-0.009135997972437637","-0.009135997972437637","-0.004382313080781515","-0.004382313080781515","-0.004382313080781515","-0.0021705815054317095","-0.0021705815054317095","-0.0021705815054317095","-0.015838511736068844","-0.015838511736068844","-0.015838511736068844","-0.025059851151341676","-0.025059851151341676","-0.025059851151341676","-0.0069375730706073765","-0.0069375730706073765","-0.0069375730706073765"
"38","-0.009157524526329234","-0.009157524526329234","-0.009157524526329234","-0.004321264433310016","-0.004321264433310016","-0.004321264433310016","-0.00215988239528168","-0.00215988239528168","-0.00215988239528168","-0.01586740473347261","-0.01586740473347261","-0.01586740473347261","-0.024818545516859115","-0.024818545516859115","-0.024818545516859115","-0.006937240816459236","-0.006937240816459236","-0.006937240816459236"
"39","-0.009086139389029725","-0.009086139389029725","-0.009086139389029725","-0.004376858367718828","-0.004376858367718828","-0.004376858367718828","-0.0021505576058430324","-0.0021505576058430324","-0.0021505576058430324","-0.01587309224980177","-0.01587309224980177","-0.01587309224980177","-0.02482897333162621","-0.02482897333162621","-0.02482897333162621","-0.006940085466845275","-0.006940085466845275","-0.006940085466845275"
"40","-0.009080891030641481","-0.009080891030641481","-0.009080891030641481","-0.0042784821238442535","-0.0042784821238442535","-0.0042784821238442535","-0.0021432980150055763","-0.0021432980150055763","-0.0021432980150055763","-0.01578762796374937","-0.01578762796374937","-0.01578762796374937","-0.02503258194120747","-0.02503258194120747","-0.02503258194120747","-0.006934861097967375","-0.006934861097967375","-0.006934861097967375"
"41","-0.009067402361369485","-0.009067402361369485","-0.009067402361369485","-0.004257135285074266","-0.004257135285074266","-0.004257135285074266","-0.002141974414235132","-0.002141974414235132","-0.002141974414235132","-0.01580150140541113","-0.01580150140541113","-0.01580150140541113","-0.024415662474650046","-0.024415662474650046","-0.024415662474650046","-0.006942500386050652","-0.006942500386050652","-0.006942500386050652"
"42","-0.009008030421730862","-0.009008030421730862","-0.009008030421730862","-0.004278770489635215","-0.004278770489635215","-0.004278770489635215","-0.002135927829433294","-0.002135927829433294","-0.002135927829433294","-0.01579605324428755","-0.01579605324428755","-0.01579605324428755","-0.02446463310112823","-0.02446463310112823","-0.02446463310112823","-0.006944202147081486","-0.006944202147081486","-0.006944202147081486"
"43","-0.009109702590863628","-0.009109702590863628","-0.009109702590863628","-0.004218925054176209","-0.004218925054176209","-0.004218925054176209","-0.00214825913820836","-0.00214825913820836","-0.00214825913820836","-0.015797967899476874","-0.015797967899476874","-0.015797967899476874","-0.024249885910254895","-0.024249885910254895","-0.024249885910254895","-0.0069420675318007585","-0.0069420675318007585","-0.0069420675318007585"
"44","-0.008957860984735054","-0.008957860984735054","-0.008957860984735054","-0.0042470035598416505","-0.0042470035598416505","-0.0042470035598416505","-0.002137291043285982","-0.002137291043285982","-0.002137291043285982","-0.015841013762694173","-0.015841013762694173","-0.015841013762694173","-0.024078739422329094","-0.024078739422329094","-0.024078739422329094","-0.006953675166354125","-0.006953675166354125","-0.006953675166354125"
"45","-0.009036556990227415","-0.009036556990227415","-0.009036556990227415","-0.004208773870562425","-0.004208773870562425","-0.004208773870562425","-0.0021348438471232916","-0.0021348438471232916","-0.0021348438471232916","-0.015759072462212982","-0.015759072462212982","-0.015759072462212982","-0.024722544672379047","-0.024722544672379047","-0.024722544672379047","-0.006943442186947396","-0.006943442186947396","-0.006943442186947396"
"46","-0.00888446679411917","-0.00888446679411917","-0.00888446679411917","-0.004390983315779745","-0.004390983315779745","-0.004390983315779745","-0.0021269728537148635","-0.0021269728537148635","-0.0021269728537148635","-0.015744516401953138","-0.015744516401953138","-0.015744516401953138","-0.023870564265274032","-0.023870564265274032","-0.023870564265274032","-0.006937982247745396","-0.006937982247745396","-0.006937982247745396"
"47","-0.008968207976866344","-0.008968207976866344","-0.008968207976866344","-0.00422882324257514","-0.00422882324257514","-0.00422882324257514","-0.0021260924203017504","-0.0021260924203017504","-0.0021260924203017504","-0.01581802480186355","-0.01581802480186355","-0.01581802480186355","-0.024307276736193217","-0.024307276736193217","-0.024307276736193217","-0.006941339903631193","-0.006941339903631193","-0.006941339903631193"
"48","-0.008992787672750122","-0.008992787672750122","-0.008992787672750122","-0.004168110588057894","-0.004168110588057894","-0.004168110588057894","-0.002130016587658592","-0.002130016587658592","-0.002130016587658592","-0.01569696092303135","-0.01569696092303135","-0.01569696092303135","-0.024019814036433218","-0.024019814036433218","-0.024019814036433218","-0.006946824254106066","-0.006946824254106066","-0.006946824254106066"
"49","-0.008916047116099475","-0.008916047116099475","-0.008916047116099475","-0.004155104533095764","-0.004155104533095764","-0.004155104533095764","-0.0021257315816969814","-0.0021257315816969814","-0.0021257315816969814","-0.015762047415201347","-0.015762047415201347","-0.015762047415201347","-0.024381168192339018","-0.024381168192339018","-0.024381168192339018","-0.0069369599880428874","-0.0069369599880428874","-0.0069369599880428874"